<?xml version='1.0' encoding="UTF-8"?>

<odoo>
    <!-- Creamos una categoria -->
    <record id='categoria_library_security' model='ir.module.category'>
        <field name='name'>Library</field>
    </record>


    <!-- Creamos un Grupo -->
    <record id='grupo_library_security' model='res.groups'>
        <field name='name'>Usuario</field>
        <field name='category_id' ref='categoria_library_security' />
        <field name='implied_ids' eval="[(4, ref('base.group_user'))]" />
        <field name="users" eval="[(4, ref('base.user_admin'))]" />
    </record>
</odoo>